<?xml version="1.0" encoding="UTF-8"?>
<con:soapui-project id="4409d75b-e17f-454f-8c30-d78374299c09" activeEnvironment="Default" name="QA standard - Round 1" resourceRoot="${projectDir}" soapui-version="5.4.0" abortOnError="false" runType="SEQUENTIAL" xmlns:con="http://eviware.com/soapui/config"><con:settings/><con:interface xsi:type="con:RestService" id="d740e728-a7b1-45e1-b2f0-9ffa13392b15" wadlVersion="http://wadl.dev.java.net/2009/02" name="Swagger Petstore" type="rest" basePath="/v2" xmlns:xsi="http://www.w3.org/2001/XMLSchema-instance"><con:description>This is a sample server Petstore server.  You can find out more about Swagger at [http://swagger.io](http://swagger.io) or on [irc.freenode.net, #swagger](http://swagger.io/irc/).  For this sample, you can use the api key `special-key` to test the authorization filters.</con:description><con:settings/><con:definitionCache type="TEXT" rootPart=""/><con:endpoints><con:endpoint>http://petstore.swagger.io</con:endpoint></con:endpoints><con:resource name="/pet" path="/pet" id="a6b6d787-267b-4c5f-a4df-a4dd1e7a7d90"><con:settings/><con:parameters/><con:method name="addPet" id="a7d392e3-4959-42ee-9719-ab0b048d283d" method="POST"><con:description>
Add a new pet to the store</con:description><con:settings/><con:parameters/><con:representation type="RESPONSE"><con:mediaType>application/xml</con:mediaType><con:status>405</con:status><con:params/></con:representation><con:representation type="RESPONSE"><con:mediaType>application/json</con:mediaType><con:status>405 200</con:status><con:params/></con:representation><con:representation type="REQUEST"><con:mediaType>application/json</con:mediaType><con:params/></con:representation><con:representation type="REQUEST"><con:mediaType>application/xml</con:mediaType><con:params/></con:representation><con:representation type="FAULT"><con:mediaType>application/json</con:mediaType><con:status>400</con:status><con:params/><con:element xmlns:pet="http://petstore.swagger.io/v2/pet">pet:Fault</con:element></con:representation><con:request name="Request 1" id="c080fa99-d4fa-4eaa-acde-5625a4dc1265" mediaType="application/json" postQueryString="false"><con:settings><con:setting id="com.eviware.soapui.impl.wsdl.WsdlRequest@request-headers">&lt;xml-fragment/></con:setting></con:settings><con:endpoint>http://petstore.swagger.io</con:endpoint><con:request>{
  "id":0 ,
  "category": {
    "id": 0,
    "name": "string"
  },
  "name": "doggie",
  "photoUrls": ["string"],
  "tags": [
    {
      "id": 0,
      "name": "string"
    }],
  "status": "available"
}</con:request><con:originalUri>http://petstore.swagger.io/v2/pet</con:originalUri><con:credentials><con:authType>No Authorization</con:authType></con:credentials><con:jmsConfig JMSDeliveryMode="PERSISTENT"/><con:jmsPropertyConfig/><con:parameters/></con:request></con:method><con:method name="updatePet" id="65cbd764-61d5-4f65-8da8-5bd57182c9f7" method="PUT"><con:description>
Update an existing pet</con:description><con:settings/><con:parameters/><con:representation type="RESPONSE"><con:mediaType>application/xml</con:mediaType><con:status>400</con:status><con:params/></con:representation><con:representation type="RESPONSE"><con:mediaType>application/json</con:mediaType><con:status>400 200</con:status><con:params/></con:representation><con:representation type="RESPONSE"><con:mediaType>application/xml</con:mediaType><con:status>404</con:status><con:params/></con:representation><con:representation type="RESPONSE"><con:mediaType>application/json</con:mediaType><con:status>404</con:status><con:params/></con:representation><con:representation type="RESPONSE"><con:mediaType>application/xml</con:mediaType><con:status>405</con:status><con:params/></con:representation><con:representation type="RESPONSE"><con:mediaType>application/json</con:mediaType><con:status>405</con:status><con:params/></con:representation><con:representation type="REQUEST"><con:mediaType>application/json</con:mediaType><con:params/></con:representation><con:representation type="REQUEST"><con:mediaType>application/xml</con:mediaType><con:params/></con:representation><con:request name="Request 1" id="7edee1f5-cb04-40d1-8906-3643c9873d0f" mediaType="application/json"><con:settings/><con:endpoint>http://petstore.swagger.io</con:endpoint><con:parameters/></con:request></con:method></con:resource><con:resource name="/pet/findByStatus" path="/pet/findByStatus" id="b2d89805-57d1-48da-825d-88635c203568"><con:settings/><con:parameters/><con:method name="findPetsByStatus" id="5fd370a6-13f4-4bc6-97e9-3bc7a9b1c4d9" method="GET"><con:description>Multiple status values can be provided with comma separated strings
Finds Pets by status</con:description><con:settings/><con:parameters><con:parameter required="true"><con:name>status</con:name><con:style>QUERY</con:style><con:description>Status values that need to be considered for filter</con:description></con:parameter></con:parameters><con:representation type="RESPONSE"><con:mediaType>application/xml</con:mediaType><con:status>200</con:status><con:params/></con:representation><con:representation type="RESPONSE"><con:mediaType>application/json</con:mediaType><con:status>200</con:status><con:params/></con:representation><con:representation type="RESPONSE"><con:mediaType>application/xml</con:mediaType><con:status>400</con:status><con:params/></con:representation><con:representation type="RESPONSE"><con:mediaType>application/json</con:mediaType><con:status>400</con:status><con:params/></con:representation><con:request name="Request 1" id="e57cb7d3-3fa7-4dfd-a575-94d5138abb11" mediaType="application/json"><con:settings/><con:endpoint>http://petstore.swagger.io</con:endpoint><con:parameters/></con:request></con:method></con:resource><con:resource name="/pet/findByTags" path="/pet/findByTags" id="9339cc40-1c65-4cef-b65a-0ae01eef2005"><con:settings/><con:parameters/><con:method name="findPetsByTags" id="362a54a9-ed64-45d6-bd52-9907139d25e2" method="GET"><con:description>Muliple tags can be provided with comma separated strings. Use tag1, tag2, tag3 for testing.
Finds Pets by tags</con:description><con:settings/><con:parameters><con:parameter required="true"><con:name>tags</con:name><con:style>QUERY</con:style><con:description>Tags to filter by</con:description></con:parameter></con:parameters><con:representation type="RESPONSE"><con:mediaType>application/xml</con:mediaType><con:status>200</con:status><con:params/></con:representation><con:representation type="RESPONSE"><con:mediaType>application/json</con:mediaType><con:status>200</con:status><con:params/></con:representation><con:representation type="RESPONSE"><con:mediaType>application/xml</con:mediaType><con:status>400</con:status><con:params/></con:representation><con:representation type="RESPONSE"><con:mediaType>application/json</con:mediaType><con:status>400</con:status><con:params/></con:representation><con:request name="Request 1" id="3678b7d8-8b0d-4cc3-b54d-766b181dbcd1" mediaType="application/json"><con:settings/><con:endpoint>http://petstore.swagger.io</con:endpoint><con:parameters/></con:request></con:method></con:resource><con:resource name="/pet/{petId}" path="/pet/{petId}" id="5bf5c393-b676-4ec4-9f4e-5d34492e8aa5"><con:settings/><con:parameters/><con:method name="getPetById" id="4bea914b-d158-4a64-9049-1b74945d5c52" method="GET"><con:description>Returns a single pet
Find pet by ID</con:description><con:settings/><con:parameters><con:parameter required="true"><con:name>petId</con:name><con:style>TEMPLATE</con:style><con:description>ID of pet to return</con:description></con:parameter></con:parameters><con:representation type="RESPONSE"><con:mediaType>application/xml</con:mediaType><con:status>200</con:status><con:params/></con:representation><con:representation type="RESPONSE"><con:mediaType>application/json</con:mediaType><con:status>200</con:status><con:params/></con:representation><con:representation type="RESPONSE"><con:mediaType>application/xml</con:mediaType><con:status>400</con:status><con:params/></con:representation><con:representation type="RESPONSE"><con:mediaType>application/json</con:mediaType><con:status>400</con:status><con:params/></con:representation><con:representation type="RESPONSE"><con:mediaType>application/xml</con:mediaType><con:status>404</con:status><con:params/></con:representation><con:representation type="RESPONSE"><con:mediaType>application/json</con:mediaType><con:status>404</con:status><con:params/></con:representation><con:request name="Request 1" id="1b077317-49ad-4498-8b1e-a40c313df6aa" mediaType="application/json"><con:settings/><con:endpoint>http://petstore.swagger.io</con:endpoint><con:request/><con:credentials><con:authType>No Authorization</con:authType></con:credentials><con:jmsConfig JMSDeliveryMode="PERSISTENT"/><con:jmsPropertyConfig/><con:parameters/></con:request></con:method><con:method name="updatePetWithForm" id="8a2d899e-d3cd-4c37-be03-44c3ce0220cc" method="POST"><con:description>
Updates a pet in the store with form data</con:description><con:settings/><con:parameters><con:parameter required="true"><con:name>petId</con:name><con:style>TEMPLATE</con:style><con:description>ID of pet that needs to be updated</con:description></con:parameter><con:parameter><con:name>name</con:name><con:style>QUERY</con:style><con:description>Updated name of the pet</con:description></con:parameter><con:parameter><con:name>status</con:name><con:style>QUERY</con:style><con:description>Updated status of the pet</con:description></con:parameter></con:parameters><con:representation type="RESPONSE"><con:mediaType>application/xml</con:mediaType><con:status>405</con:status><con:params/></con:representation><con:representation type="RESPONSE"><con:mediaType>application/json</con:mediaType><con:status>405</con:status><con:params/></con:representation><con:representation type="REQUEST"><con:mediaType>application/x-www-form-urlencoded</con:mediaType><con:params/></con:representation><con:request name="Request 1" id="c62e146d-0381-4f6b-8a30-935787f16c7b" mediaType="application/x-www-form-urlencoded"><con:settings/><con:endpoint>http://petstore.swagger.io</con:endpoint><con:parameters/></con:request></con:method><con:method name="deletePet" id="2bb2298d-365c-4ebf-97a5-d9fba6aaa919" method="DELETE"><con:description>
Deletes a pet</con:description><con:settings/><con:parameters><con:parameter><con:name>api_key</con:name><con:style>HEADER</con:style><con:description xsi:nil="true"/></con:parameter><con:parameter required="true"><con:name>petId</con:name><con:style>TEMPLATE</con:style><con:description>Pet id to delete</con:description></con:parameter></con:parameters><con:representation type="RESPONSE"><con:mediaType>application/xml</con:mediaType><con:status>400</con:status><con:params/></con:representation><con:representation type="RESPONSE"><con:mediaType>application/json</con:mediaType><con:status>400 200</con:status><con:params/></con:representation><con:representation type="RESPONSE"><con:mediaType>application/xml</con:mediaType><con:status>404</con:status><con:params/></con:representation><con:representation type="RESPONSE"><con:mediaType>application/json</con:mediaType><con:status>404</con:status><con:params/></con:representation><con:representation type="FAULT"><con:mediaType xsi:nil="true"/><con:status>404</con:status><con:params/><con:element>data</con:element></con:representation><con:representation type="REQUEST"><con:mediaType>application/json</con:mediaType><con:params/></con:representation><con:request name="Request 1" id="1f5dacdb-d15e-4fea-85f1-beb83780fadd" mediaType="application/json" postQueryString="false"><con:settings/><con:endpoint>http://petstore.swagger.io</con:endpoint><con:request/><con:credentials><con:authType>No Authorization</con:authType></con:credentials><con:jmsConfig JMSDeliveryMode="PERSISTENT"/><con:jmsPropertyConfig/><con:parameters/></con:request></con:method></con:resource><con:resource name="/pet/{petId}/uploadImage" path="/pet/{petId}/uploadImage" id="ad072525-750f-4754-9ec5-d3f1b860dc12"><con:settings/><con:parameters/><con:method name="uploadFile" id="452f991a-2413-44d8-ba27-ff313fd560ba" method="POST"><con:description>
uploads an image</con:description><con:settings/><con:parameters><con:parameter required="true"><con:name>petId</con:name><con:style>TEMPLATE</con:style><con:description>ID of pet to update</con:description></con:parameter><con:parameter><con:name>additionalMetadata</con:name><con:style>QUERY</con:style><con:description>Additional data to pass to server</con:description></con:parameter><con:parameter><con:name>file</con:name><con:style>QUERY</con:style><con:description>file to upload</con:description></con:parameter></con:parameters><con:representation type="RESPONSE"><con:mediaType>application/json</con:mediaType><con:status>200</con:status><con:params/></con:representation><con:representation type="REQUEST"><con:mediaType>multipart/form-data</con:mediaType><con:params/></con:representation><con:request name="Request 1" id="021976ae-35a0-4956-9bdf-a49e46899768" mediaType="multipart/form-data"><con:settings/><con:endpoint>http://petstore.swagger.io</con:endpoint><con:parameters/></con:request></con:method></con:resource><con:resource name="/store/inventory" path="/store/inventory" id="606b953a-db8d-41c1-83e2-01617999286c"><con:settings/><con:parameters/><con:method name="getInventory" id="5d4710f6-3a2d-40e1-9a4f-295c265142c8" method="GET"><con:description>Returns a map of status codes to quantities
Returns pet inventories by status</con:description><con:settings/><con:parameters/><con:representation type="RESPONSE"><con:mediaType>application/json</con:mediaType><con:status>200</con:status><con:params/></con:representation><con:request name="Request 1" id="01b3573d-1fd5-40e5-b8a2-1e172d84e5aa" mediaType="application/json"><con:settings/><con:endpoint>http://petstore.swagger.io</con:endpoint><con:parameters/></con:request></con:method></con:resource><con:resource name="/store/order" path="/store/order" id="b18aeebb-042f-4874-8599-0000b59dc3d9"><con:settings/><con:parameters/><con:method name="placeOrder" id="14244b3b-9dc9-4b8b-9923-53f7784065d1" method="POST"><con:description>
Place an order for a pet</con:description><con:settings/><con:parameters/><con:representation type="RESPONSE"><con:mediaType>application/xml</con:mediaType><con:status>200</con:status><con:params/></con:representation><con:representation type="RESPONSE"><con:mediaType>application/json</con:mediaType><con:status>200</con:status><con:params/></con:representation><con:representation type="RESPONSE"><con:mediaType>application/xml</con:mediaType><con:status>400</con:status><con:params/></con:representation><con:representation type="RESPONSE"><con:mediaType>application/json</con:mediaType><con:status>400</con:status><con:params/></con:representation><con:representation type="REQUEST"><con:mediaType>application/json</con:mediaType><con:params/></con:representation><con:representation type="FAULT"><con:mediaType>application/json</con:mediaType><con:status>400</con:status><con:params/><con:element xmlns:ord="http://petstore.swagger.io/v2/store/order">ord:Fault</con:element></con:representation><con:request name="Request 1" id="dfd21dfe-8727-488b-952b-b8f578efa939" mediaType="application/json" postQueryString="false"><con:settings><con:setting id="com.eviware.soapui.impl.wsdl.WsdlRequest@request-headers">&lt;xml-fragment/></con:setting></con:settings><con:endpoint>http://petstore.swagger.io</con:endpoint><con:request>{
  "id": 0,
  "petId": 0,
  "quantity": 0,
  "shipDate": "2018-05-13T19:50:42.300Z",
  "status": "placed",
  "complete": false
}</con:request><con:originalUri>http://petstore.swagger.io/v2/store/order</con:originalUri><con:credentials><con:authType>No Authorization</con:authType></con:credentials><con:jmsConfig JMSDeliveryMode="PERSISTENT"/><con:jmsPropertyConfig/><con:parameters/></con:request></con:method></con:resource><con:resource name="/store/order/{orderId}" path="/store/order/{orderId}" id="e9ba2149-fb1e-4b20-99c8-6d93609a3d25"><con:settings/><con:parameters/><con:method name="getOrderById" id="b14cadc6-b41c-4769-aa38-3e96a7d1f517" method="GET"><con:description>For valid response try integer IDs with value >= 1 and &lt;= 10. Other values will generated exceptions
Find purchase order by ID</con:description><con:settings/><con:parameters><con:parameter required="true"><con:name>orderId</con:name><con:style>TEMPLATE</con:style><con:description>ID of pet that needs to be fetched</con:description></con:parameter></con:parameters><con:representation type="RESPONSE"><con:mediaType>application/xml</con:mediaType><con:status>200</con:status><con:params/></con:representation><con:representation type="RESPONSE"><con:mediaType>application/json</con:mediaType><con:status>200</con:status><con:params/></con:representation><con:representation type="RESPONSE"><con:mediaType>application/xml</con:mediaType><con:status>400</con:status><con:params/></con:representation><con:representation type="RESPONSE"><con:mediaType>application/json</con:mediaType><con:status>400</con:status><con:params/></con:representation><con:representation type="RESPONSE"><con:mediaType>application/xml</con:mediaType><con:status>404</con:status><con:params/></con:representation><con:representation type="RESPONSE"><con:mediaType>application/json</con:mediaType><con:status>404</con:status><con:params/></con:representation><con:representation type="FAULT"><con:mediaType>application/json</con:mediaType><con:status>404</con:status><con:params/><con:element xmlns:ns="http://petstore.swagger.io/v2/store/order/101001">ns:Fault</con:element></con:representation><con:request name="Request 1" id="20e56989-536c-497a-9f11-adcd3da40786" mediaType="application/json"><con:settings/><con:endpoint>http://petstore.swagger.io</con:endpoint><con:parameters/></con:request></con:method><con:method name="deleteOrder" id="1bfcfc9c-697b-4826-a1dc-e94e0d726375" method="DELETE"><con:description>For valid response try integer IDs with positive integer value. Negative or non-integer values will generate API errors
Delete purchase order by ID</con:description><con:settings/><con:parameters><con:parameter required="true"><con:name>orderId</con:name><con:style>TEMPLATE</con:style><con:description>ID of the order that needs to be deleted</con:description></con:parameter></con:parameters><con:representation type="RESPONSE"><con:mediaType>application/xml</con:mediaType><con:status>400</con:status><con:params/></con:representation><con:representation type="RESPONSE"><con:mediaType>application/json</con:mediaType><con:status>400 200</con:status><con:params/></con:representation><con:representation type="RESPONSE"><con:mediaType>application/xml</con:mediaType><con:status>404</con:status><con:params/></con:representation><con:representation type="RESPONSE"><con:mediaType>application/json</con:mediaType><con:status>404</con:status><con:params/></con:representation><con:representation type="REQUEST"><con:mediaType>application/json</con:mediaType><con:params/></con:representation><con:request name="Request 1" id="7d9956f0-f396-48c0-94f2-64eb815561a6" mediaType="application/json"><con:settings/><con:endpoint>http://petstore.swagger.io</con:endpoint><con:parameters/></con:request></con:method></con:resource><con:resource name="/user" path="/user" id="99222128-9dd7-4f51-90ba-5c450ad3b9d3"><con:settings/><con:parameters/><con:method name="createUser" id="f4a84411-d36c-4dc6-af17-325503df5b25" method="POST"><con:description>This can only be done by the logged in user.
Create user</con:description><con:settings/><con:parameters/><con:representation type="RESPONSE"><con:mediaType>application/xml</con:mediaType><con:status/><con:params/></con:representation><con:representation type="RESPONSE"><con:mediaType>application/json</con:mediaType><con:status/><con:params/></con:representation><con:request name="Request 1" id="ccf8d663-8535-40e8-9a74-a161864fb96c" mediaType="application/json"><con:settings/><con:endpoint>http://petstore.swagger.io</con:endpoint><con:parameters/></con:request></con:method></con:resource><con:resource name="/user/createWithArray" path="/user/createWithArray" id="5b79e9ca-05be-4fc1-8ed3-ca3a5c0e2e54"><con:settings/><con:parameters/><con:method name="createUsersWithArrayInput" id="45ae41e9-97ce-4d6c-8cad-adb5166808f2" method="POST"><con:description>
Creates list of users with given input array</con:description><con:settings/><con:parameters/><con:representation type="RESPONSE"><con:mediaType>application/xml</con:mediaType><con:status/><con:params/></con:representation><con:representation type="RESPONSE"><con:mediaType>application/json</con:mediaType><con:status/><con:params/></con:representation><con:request name="Request 1" id="d37df459-77e1-41bc-bec6-9c5f3391d65c" mediaType="application/json"><con:settings/><con:endpoint>http://petstore.swagger.io</con:endpoint><con:parameters/></con:request></con:method></con:resource><con:resource name="/user/createWithList" path="/user/createWithList" id="ef6139e2-7334-4812-a722-17bd95ee5ca5"><con:settings/><con:parameters/><con:method name="createUsersWithListInput" id="58330b9b-bd2a-4b06-b8d0-bca0d1ab5c92" method="POST"><con:description>
Creates list of users with given input array</con:description><con:settings/><con:parameters/><con:representation type="RESPONSE"><con:mediaType>application/xml</con:mediaType><con:status/><con:params/></con:representation><con:representation type="RESPONSE"><con:mediaType>application/json</con:mediaType><con:status/><con:params/></con:representation><con:request name="Request 1" id="8fe8ce2c-fde1-41c5-8944-eb4309d6546b" mediaType="application/json"><con:settings/><con:endpoint>http://petstore.swagger.io</con:endpoint><con:parameters/></con:request></con:method></con:resource><con:resource name="/user/login" path="/user/login" id="c11ec898-8718-4080-951d-05528680f53f"><con:settings/><con:parameters/><con:method name="loginUser" id="7ffa8794-2252-4b32-8d2c-5a60ae10b766" method="GET"><con:description>
Logs user into the system</con:description><con:settings/><con:parameters><con:parameter required="true"><con:name>username</con:name><con:style>QUERY</con:style><con:description>The user name for login</con:description></con:parameter><con:parameter required="true"><con:name>password</con:name><con:style>QUERY</con:style><con:description>The password for login in clear text</con:description></con:parameter></con:parameters><con:representation type="RESPONSE"><con:mediaType>application/xml</con:mediaType><con:status>200</con:status><con:params/></con:representation><con:representation type="RESPONSE"><con:mediaType>application/json</con:mediaType><con:status>200</con:status><con:params/></con:representation><con:representation type="RESPONSE"><con:mediaType>application/xml</con:mediaType><con:status>400</con:status><con:params/></con:representation><con:representation type="RESPONSE"><con:mediaType>application/json</con:mediaType><con:status>400</con:status><con:params/></con:representation><con:request name="Request 1" id="dce14d59-b308-4a48-a269-ff1c20687446" mediaType="application/json"><con:settings/><con:endpoint>http://petstore.swagger.io</con:endpoint><con:parameters/></con:request></con:method></con:resource><con:resource name="/user/logout" path="/user/logout" id="a4570c00-8ffb-44d0-a614-a58f57dd5bcd"><con:settings/><con:parameters/><con:method name="logoutUser" id="1d583733-0da9-402d-add4-0193ef7bb0ba" method="GET"><con:description>
Logs out current logged in user session</con:description><con:settings/><con:parameters/><con:representation type="RESPONSE"><con:mediaType>application/xml</con:mediaType><con:status/><con:params/></con:representation><con:representation type="RESPONSE"><con:mediaType>application/json</con:mediaType><con:status/><con:params/></con:representation><con:request name="Request 1" id="0da36ea8-05f4-4dc7-aad4-55550f899ddd" mediaType="application/json"><con:settings/><con:endpoint>http://petstore.swagger.io</con:endpoint><con:parameters/></con:request></con:method></con:resource><con:resource name="/user/{username}" path="/user/{username}" id="d23e500c-d298-4f3b-8f76-81e7fd96f713"><con:settings/><con:parameters/><con:method name="getUserByName" id="47e7de44-1d50-4713-8fa0-59b53fb7e05b" method="GET"><con:description>
Get user by user name</con:description><con:settings/><con:parameters><con:parameter required="true"><con:name>username</con:name><con:style>TEMPLATE</con:style><con:description>The name that needs to be fetched. Use user1 for testing. </con:description></con:parameter></con:parameters><con:representation type="RESPONSE"><con:mediaType>application/xml</con:mediaType><con:status>200</con:status><con:params/></con:representation><con:representation type="RESPONSE"><con:mediaType>application/json</con:mediaType><con:status>200</con:status><con:params/></con:representation><con:representation type="RESPONSE"><con:mediaType>application/xml</con:mediaType><con:status>400</con:status><con:params/></con:representation><con:representation type="RESPONSE"><con:mediaType>application/json</con:mediaType><con:status>400</con:status><con:params/></con:representation><con:representation type="RESPONSE"><con:mediaType>application/xml</con:mediaType><con:status>404</con:status><con:params/></con:representation><con:representation type="RESPONSE"><con:mediaType>application/json</con:mediaType><con:status>404</con:status><con:params/></con:representation><con:request name="Request 1" id="69824865-b567-4b4a-b248-18b1da66dfee" mediaType="application/json"><con:settings/><con:endpoint>http://petstore.swagger.io</con:endpoint><con:parameters/></con:request></con:method><con:method name="updateUser" id="d0c0859a-5216-4d9a-bf88-96d9116524b0" method="PUT"><con:description>This can only be done by the logged in user.
Updated user</con:description><con:settings/><con:parameters><con:parameter required="true"><con:name>username</con:name><con:style>TEMPLATE</con:style><con:description>name that need to be updated</con:description></con:parameter></con:parameters><con:representation type="RESPONSE"><con:mediaType>application/xml</con:mediaType><con:status>400</con:status><con:params/></con:representation><con:representation type="RESPONSE"><con:mediaType>application/json</con:mediaType><con:status>400</con:status><con:params/></con:representation><con:representation type="RESPONSE"><con:mediaType>application/xml</con:mediaType><con:status>404</con:status><con:params/></con:representation><con:representation type="RESPONSE"><con:mediaType>application/json</con:mediaType><con:status>404</con:status><con:params/></con:representation><con:request name="Request 1" id="3d741640-1af0-4e2f-88c5-eabc3bfe0e4d" mediaType="application/json"><con:settings/><con:endpoint>http://petstore.swagger.io</con:endpoint><con:parameters/></con:request></con:method><con:method name="deleteUser" id="c868c283-b9e1-42c4-a7dc-dccacf7e778d" method="DELETE"><con:description>This can only be done by the logged in user.
Delete user</con:description><con:settings/><con:parameters><con:parameter required="true"><con:name>username</con:name><con:style>TEMPLATE</con:style><con:description>The name that needs to be deleted</con:description></con:parameter></con:parameters><con:representation type="RESPONSE"><con:mediaType>application/xml</con:mediaType><con:status>400</con:status><con:params/></con:representation><con:representation type="RESPONSE"><con:mediaType>application/json</con:mediaType><con:status>400</con:status><con:params/></con:representation><con:representation type="RESPONSE"><con:mediaType>application/xml</con:mediaType><con:status>404</con:status><con:params/></con:representation><con:representation type="RESPONSE"><con:mediaType>application/json</con:mediaType><con:status>404</con:status><con:params/></con:representation><con:request name="Request 1" id="1a92cace-108d-4b34-a41f-62db2837c2dd" mediaType="application/json"><con:settings/><con:endpoint>http://petstore.swagger.io</con:endpoint><con:parameters/></con:request></con:method></con:resource></con:interface><con:testSuite id="e3f87c7d-c5d2-4fd5-9b40-33d52ac2d136" name="Main"><con:settings/><con:runType>SEQUENTIAL</con:runType><con:testCase id="c793fb74-9751-4e02-87a5-7f9face71796" failOnError="true" failTestCaseOnErrors="true" keepSession="false" maxResults="0" name="AddPet" searchProperties="true"><con:settings/><con:testStep type="properties" name="TestData" id="740963c8-f395-4c70-b890-b936f9e54094"><con:settings/><con:config xsi:type="con:PropertiesStep" saveFirst="true" xmlns:xsi="http://www.w3.org/2001/XMLSchema-instance"><con:properties><con:property><con:name>id</con:name><con:value>101001</con:value></con:property><con:property><con:name>category_id</con:name><con:value>101</con:value></con:property><con:property><con:name>category_name</con:name><con:value>Cat</con:value></con:property><con:property><con:name>name</con:name><con:value>Kittie</con:value></con:property><con:property><con:name>photoUrls</con:name><con:value>someUrl</con:value></con:property><con:property><con:name>tags_id</con:name><con:value>1010</con:value></con:property><con:property><con:name>tags_name</con:name><con:value>#Fun</con:value></con:property><con:property><con:name>status</con:name><con:value>available</con:value></con:property></con:properties></con:config></con:testStep><con:testStep type="restrequest" name="VerifyIdNotExist" id="1c3567d7-e7cf-4cd1-a2e4-ea57cfddd0d8"><con:settings/><con:config service="Swagger Petstore" resourcePath="/v2/pet/{petId}" methodName="deletePet" xsi:type="con:RestRequestStep" xmlns:xsi="http://www.w3.org/2001/XMLSchema-instance"><con:restRequest name="VerifyIdNotExist" id="1f5dacdb-d15e-4fea-85f1-beb83780fadd" mediaType="application/json" postQueryString="false"><con:settings><con:setting id="com.eviware.soapui.impl.wsdl.WsdlRequest@request-headers">&lt;xml-fragment/></con:setting></con:settings><con:endpoint>http://petstore.swagger.io</con:endpoint><con:request/><con:originalUri>http://petstore.swagger.io/v2/pet/101001</con:originalUri><con:assertion type="Valid HTTP Status Codes" id="c34a3f51-cbaa-4eeb-9459-2ff919c4afcc" name="Valid HTTP Status Codes"><con:configuration><codes>200, 404</codes></con:configuration></con:assertion><con:credentials><con:authType>No Authorization</con:authType></con:credentials><con:jmsConfig JMSDeliveryMode="PERSISTENT"/><con:jmsPropertyConfig/><con:parameters><entry key="petId" value="${TestData#id}" xmlns="http://eviware.com/soapui/config"/></con:parameters></con:restRequest></con:config></con:testStep><con:testStep type="restrequest" name="AddPet" id="7590f9c2-f33c-4ffd-a1b1-4c93ec5beda5"><con:settings/><con:config service="Swagger Petstore" resourcePath="/v2/pet" methodName="addPet" xsi:type="con:RestRequestStep" xmlns:xsi="http://www.w3.org/2001/XMLSchema-instance"><con:restRequest name="AddPet" id="c080fa99-d4fa-4eaa-acde-5625a4dc1265" mediaType="application/json" postQueryString="false"><con:settings><con:setting id="com.eviware.soapui.impl.wsdl.WsdlRequest@request-headers">&lt;xml-fragment/></con:setting></con:settings><con:endpoint>http://petstore.swagger.io</con:endpoint><con:request>{
  "id":${TestData#id} ,
  "category": {
    "id": ${TestData#category_id},
    "name": "${TestData#category_name}"
  },
  "name": "${TestData#name}",
  "photoUrls": ["${TestData#photoUrls}"],
  "tags": [
    {
      "id": ${TestData#tags_id},
      "name": "${TestData#tags_name}"
    }],
  "status": "${TestData#status}"
}</con:request><con:originalUri>http://petstore.swagger.io/v2/pet</con:originalUri><con:assertion type="Valid HTTP Status Codes" id="f5fa15b6-5192-41af-a6d6-d0392ce49ce8" name="Valid HTTP Status Codes"><con:configuration><codes>200</codes></con:configuration></con:assertion><con:credentials><con:authType>No Authorization</con:authType></con:credentials><con:jmsConfig JMSDeliveryMode="PERSISTENT"/><con:jmsPropertyConfig/><con:parameters/></con:restRequest></con:config></con:testStep><con:testStep type="restrequest" name="MakeShurePetCreated" id="201403bc-4545-4886-a34f-6fb1fb1b4489"><con:settings/><con:config service="Swagger Petstore" resourcePath="/v2/pet/{petId}" methodName="getPetById" xsi:type="con:RestRequestStep" xmlns:xsi="http://www.w3.org/2001/XMLSchema-instance"><con:restRequest name="MakeShurePetCreated" id="1b077317-49ad-4498-8b1e-a40c313df6aa" mediaType="application/json"><con:settings><con:setting id="com.eviware.soapui.impl.wsdl.WsdlRequest@request-headers">&lt;xml-fragment/></con:setting></con:settings><con:endpoint>http://petstore.swagger.io</con:endpoint><con:request/><con:originalUri>http://petstore.swagger.io/v2/pet/101001</con:originalUri><con:assertion type="Valid HTTP Status Codes" id="dd5e5319-6f1a-4e41-90d4-054c51555a63" name="Valid HTTP Status Codes"><con:configuration><codes>200</codes></con:configuration></con:assertion><con:assertion type="JsonPath Match" id="13c53788-7b57-416c-95eb-96825ab97611" name="Verify Pet ID"><con:configuration><path>id</path><content>${TestData#id}</content><allowWildcards>false</allowWildcards><ignoreNamspaceDifferences>false</ignoreNamspaceDifferences><ignoreComments>false</ignoreComments></con:configuration></con:assertion><con:assertion type="JsonPath Match" id="36d33d7a-d0d3-4f7a-9514-5557f60cf6bf" name="Verify Category ID"><con:configuration><path>category.id</path><content>${TestData#category_id}</content><allowWildcards>false</allowWildcards><ignoreNamspaceDifferences>false</ignoreNamspaceDifferences><ignoreComments>false</ignoreComments></con:configuration></con:assertion><con:assertion type="JsonPath Match" id="b07365b6-ab58-42b8-b320-b5ffbbd0fbc9" name="Verify Category Name"><con:configuration><path>category.name</path><content>${TestData#category_name}</content><allowWildcards>false</allowWildcards><ignoreNamspaceDifferences>false</ignoreNamspaceDifferences><ignoreComments>false</ignoreComments></con:configuration></con:assertion><con:assertion type="JsonPath Match" id="a059e749-faa2-4879-865d-ffa45a073709" name="Verify Pet Name"><con:configuration><path>name</path><content>${TestData#name}</content><allowWildcards>false</allowWildcards><ignoreNamspaceDifferences>false</ignoreNamspaceDifferences><ignoreComments>false</ignoreComments></con:configuration></con:assertion><con:assertion type="JsonPath Match" id="c49011ba-feb9-472d-8672-44219d2dfd11" name="Verify Photo URLs"><con:configuration><path>photoUrls</path><content>["${TestData#photoUrls}"]</content><allowWildcards>false</allowWildcards><ignoreNamspaceDifferences>false</ignoreNamspaceDifferences><ignoreComments>false</ignoreComments></con:configuration></con:assertion><con:assertion type="JsonPath Match" id="69074588-0e36-4932-98ed-bee088d86148" name="Verify Tags ID"><con:configuration><path>tags[0].id</path><content>${TestData#tags_id}</content><allowWildcards>false</allowWildcards><ignoreNamspaceDifferences>false</ignoreNamspaceDifferences><ignoreComments>false</ignoreComments></con:configuration></con:assertion><con:assertion type="JsonPath Match" id="f0bc20ba-7deb-460a-959e-1492be5b7e79" name="Verify Tags Name"><con:configuration><path>tags[0].name</path><content>${TestData#tags_name}</content><allowWildcards>false</allowWildcards><ignoreNamspaceDifferences>false</ignoreNamspaceDifferences><ignoreComments>false</ignoreComments></con:configuration></con:assertion><con:assertion type="JsonPath Match" id="16e0cf50-7e0c-408b-9e8b-ed248916ba7d" name="Verify Status"><con:configuration><path>status</path><content>${TestData#status}</content><allowWildcards>false</allowWildcards><ignoreNamspaceDifferences>false</ignoreNamspaceDifferences><ignoreComments>false</ignoreComments></con:configuration></con:assertion><con:credentials><con:authType>No Authorization</con:authType></con:credentials><con:jmsConfig JMSDeliveryMode="PERSISTENT"/><con:jmsPropertyConfig/><con:parameters><entry key="petId" value="${TestData#id}" xmlns="http://eviware.com/soapui/config"/></con:parameters></con:restRequest></con:config></con:testStep><con:properties/></con:testCase><con:testCase id="75f9b540-defd-43cd-91a5-9f97facc861c" failOnError="true" failTestCaseOnErrors="true" keepSession="false" maxResults="0" name="ChangeName" searchProperties="true"><con:settings/><con:testStep type="properties" name="TestData" id="eb392806-064c-44f4-8ada-5f61a6cc0bce"><con:settings/><con:config xsi:type="con:PropertiesStep" saveFirst="true" xmlns:xsi="http://www.w3.org/2001/XMLSchema-instance"><con:properties><con:property><con:name>id</con:name><con:value>101001</con:value></con:property><con:property><con:name>category_id</con:name><con:value>101</con:value></con:property><con:property><con:name>category_name</con:name><con:value>Cat</con:value></con:property><con:property><con:name>name</con:name><con:value>Kittie</con:value></con:property><con:property><con:name>photoUrls</con:name><con:value>someUrl</con:value></con:property><con:property><con:name>tags_id</con:name><con:value>1010</con:value></con:property><con:property><con:name>tags_name</con:name><con:value>#Fun</con:value></con:property><con:property><con:name>status</con:name><con:value>available</con:value></con:property><con:property><con:name>newname</con:name><con:value>Cat</con:value></con:property></con:properties></con:config></con:testStep><con:testStep type="restrequest" name="VerifyIdExist" id="73e1df9f-1e29-4991-80f0-d40da9f057f6"><con:settings/><con:config service="Swagger Petstore" resourcePath="/v2/pet/{petId}" methodName="getPetById" xsi:type="con:RestRequestStep" xmlns:xsi="http://www.w3.org/2001/XMLSchema-instance"><con:restRequest name="VerifyIdExist" id="1b077317-49ad-4498-8b1e-a40c313df6aa" mediaType="application/json"><con:settings><con:setting id="com.eviware.soapui.impl.wsdl.WsdlRequest@request-headers">&lt;xml-fragment/></con:setting></con:settings><con:endpoint>http://petstore.swagger.io</con:endpoint><con:request/><con:originalUri>http://petstore.swagger.io/v2/pet/101001</con:originalUri><con:assertion type="Valid HTTP Status Codes" id="2d3bcfb8-a79f-4671-9cd0-6a1c5b8a23a7" name="Valid HTTP Status Codes"><con:configuration><codes>200</codes></con:configuration></con:assertion><con:assertion type="Simple NotContains" id="16efadbc-4bd0-4ca3-8c00-dddc9a794a1b"><con:configuration/></con:assertion><con:assertion type="JsonPath Match" id="07c63623-bcde-42d8-8955-6f39450b91d7" name="Verify the Pet name will be changed"><con:configuration><path>name</path><content>${TestData#name}</content><allowWildcards>false</allowWildcards><ignoreNamspaceDifferences>false</ignoreNamspaceDifferences><ignoreComments>false</ignoreComments></con:configuration></con:assertion><con:credentials><con:authType>No Authorization</con:authType></con:credentials><con:jmsConfig JMSDeliveryMode="PERSISTENT"/><con:jmsPropertyConfig/><con:parameters><entry key="petId" value="${TestData#id}" xmlns="http://eviware.com/soapui/config"/></con:parameters></con:restRequest></con:config></con:testStep><con:testStep type="restrequest" name="ChangeName" id="9220d635-8d98-44a4-b232-99e9402676cb"><con:settings/><con:config service="Swagger Petstore" resourcePath="/v2/pet" methodName="updatePet" xsi:type="con:RestRequestStep" xmlns:xsi="http://www.w3.org/2001/XMLSchema-instance"><con:restRequest name="ChangeName" id="7edee1f5-cb04-40d1-8906-3643c9873d0f" mediaType="application/json" postQueryString="false"><con:settings><con:setting id="com.eviware.soapui.impl.wsdl.WsdlRequest@request-headers">&lt;xml-fragment/></con:setting></con:settings><con:endpoint>http://petstore.swagger.io</con:endpoint><con:request>{
  "id":${TestData#id} ,
  "category": {
    "id": ${TestData#category_id},
    "name": "${TestData#category_name}"
  },
  "name": "${TestData#newname}",
  "photoUrls": ["${TestData#photoUrls}"],
  "tags": [
    {
      "id": ${TestData#tags_id},
      "name": "${TestData#tags_name}"
    }],
  "status": "${TestData#status}"
}</con:request><con:originalUri>http://petstore.swagger.io/v2/pet</con:originalUri><con:assertion type="Valid HTTP Status Codes" id="4c335dba-cd18-4b7a-ada6-96793fe5dfdf" name="Valid HTTP Status Codes"><con:configuration><codes>200</codes></con:configuration></con:assertion><con:credentials><con:authType>No Authorization</con:authType></con:credentials><con:jmsConfig JMSDeliveryMode="PERSISTENT"/><con:jmsPropertyConfig/><con:parameters/></con:restRequest></con:config></con:testStep><con:testStep type="restrequest" name="MakeShureNameChanged" id="b749d717-38d9-4e93-a265-3662534fc087"><con:settings/><con:config service="Swagger Petstore" resourcePath="/v2/pet/{petId}" methodName="getPetById" xsi:type="con:RestRequestStep" xmlns:xsi="http://www.w3.org/2001/XMLSchema-instance"><con:restRequest name="MakeShureNameChanged" id="1b077317-49ad-4498-8b1e-a40c313df6aa" mediaType="application/json"><con:settings><con:setting id="com.eviware.soapui.impl.wsdl.WsdlRequest@request-headers">&lt;xml-fragment/></con:setting></con:settings><con:endpoint>http://petstore.swagger.io</con:endpoint><con:request/><con:originalUri>http://petstore.swagger.io/v2/pet/101001</con:originalUri><con:assertion type="Valid HTTP Status Codes" id="dd5e5319-6f1a-4e41-90d4-054c51555a63" name="Valid HTTP Status Codes"><con:configuration><codes>200</codes></con:configuration></con:assertion><con:assertion type="JsonPath Match" id="13c53788-7b57-416c-95eb-96825ab97611" name="Verify Pet ID"><con:configuration><path>id</path><content>${TestData#id}</content><allowWildcards>false</allowWildcards><ignoreNamspaceDifferences>false</ignoreNamspaceDifferences><ignoreComments>false</ignoreComments></con:configuration></con:assertion><con:assertion type="JsonPath Match" id="36d33d7a-d0d3-4f7a-9514-5557f60cf6bf" name="Verify Category ID"><con:configuration><path>category.id</path><content>${TestData#category_id}</content><allowWildcards>false</allowWildcards><ignoreNamspaceDifferences>false</ignoreNamspaceDifferences><ignoreComments>false</ignoreComments></con:configuration></con:assertion><con:assertion type="JsonPath Match" id="b07365b6-ab58-42b8-b320-b5ffbbd0fbc9" name="Verify Category Name"><con:configuration><path>category.name</path><content>${TestData#category_name}</content><allowWildcards>false</allowWildcards><ignoreNamspaceDifferences>false</ignoreNamspaceDifferences><ignoreComments>false</ignoreComments></con:configuration></con:assertion><con:assertion type="JsonPath Match" id="a059e749-faa2-4879-865d-ffa45a073709" name="Verify Pet Name"><con:configuration><path>name</path><content>${TestData#newname}</content><allowWildcards>false</allowWildcards><ignoreNamspaceDifferences>false</ignoreNamspaceDifferences><ignoreComments>false</ignoreComments></con:configuration></con:assertion><con:assertion type="JsonPath Match" id="c49011ba-feb9-472d-8672-44219d2dfd11" name="Verify Photo URLs"><con:configuration><path>photoUrls</path><content>["${TestData#photoUrls}"]</content><allowWildcards>false</allowWildcards><ignoreNamspaceDifferences>false</ignoreNamspaceDifferences><ignoreComments>false</ignoreComments></con:configuration></con:assertion><con:assertion type="JsonPath Match" id="69074588-0e36-4932-98ed-bee088d86148" name="Verify Tags ID"><con:configuration><path>tags[0].id</path><content>${TestData#tags_id}</content><allowWildcards>false</allowWildcards><ignoreNamspaceDifferences>false</ignoreNamspaceDifferences><ignoreComments>false</ignoreComments></con:configuration></con:assertion><con:assertion type="JsonPath Match" id="f0bc20ba-7deb-460a-959e-1492be5b7e79" name="Verify Tags Name"><con:configuration><path>tags[0].name</path><content>${TestData#tags_name}</content><allowWildcards>false</allowWildcards><ignoreNamspaceDifferences>false</ignoreNamspaceDifferences><ignoreComments>false</ignoreComments></con:configuration></con:assertion><con:assertion type="JsonPath Match" id="16e0cf50-7e0c-408b-9e8b-ed248916ba7d" name="Verify Status"><con:configuration><path>status</path><content>${TestData#status}</content><allowWildcards>false</allowWildcards><ignoreNamspaceDifferences>false</ignoreNamspaceDifferences><ignoreComments>false</ignoreComments></con:configuration></con:assertion><con:credentials><con:authType>No Authorization</con:authType></con:credentials><con:jmsConfig JMSDeliveryMode="PERSISTENT"/><con:jmsPropertyConfig/><con:parameters><entry key="petId" value="${TestData#id}" xmlns="http://eviware.com/soapui/config"/></con:parameters></con:restRequest></con:config></con:testStep><con:properties/></con:testCase><con:testCase id="d4e09825-402a-4124-ac3e-f0599fd17090" failOnError="true" failTestCaseOnErrors="true" keepSession="false" maxResults="0" name="ChangeName(FormData)" searchProperties="true"><con:settings/><con:testStep type="properties" name="TestData" id="1cf74cb6-7ea9-4e7d-a46e-869858354f7e"><con:settings/><con:config xsi:type="con:PropertiesStep" saveFirst="true" xmlns:xsi="http://www.w3.org/2001/XMLSchema-instance"><con:properties><con:property><con:name>id</con:name><con:value>101001</con:value></con:property><con:property><con:name>category_id</con:name><con:value>101</con:value></con:property><con:property><con:name>category_name</con:name><con:value>Cat</con:value></con:property><con:property><con:name>name</con:name><con:value>Kittie</con:value></con:property><con:property><con:name>photoUrls</con:name><con:value>someUrl</con:value></con:property><con:property><con:name>tags_id</con:name><con:value>1010</con:value></con:property><con:property><con:name>tags_name</con:name><con:value>#Fun</con:value></con:property><con:property><con:name>status</con:name><con:value>available</con:value></con:property><con:property><con:name>newname</con:name><con:value>Cat</con:value></con:property></con:properties></con:config></con:testStep><con:testStep type="restrequest" name="VerifyIdExist" id="e7625201-6589-40e8-a710-a7e4076d36c3"><con:settings/><con:config service="Swagger Petstore" resourcePath="/v2/pet/{petId}" methodName="getPetById" xsi:type="con:RestRequestStep" xmlns:xsi="http://www.w3.org/2001/XMLSchema-instance"><con:restRequest name="VerifyIdExist" id="1b077317-49ad-4498-8b1e-a40c313df6aa" mediaType="application/json"><con:settings><con:setting id="com.eviware.soapui.impl.wsdl.WsdlRequest@request-headers">&lt;xml-fragment/></con:setting></con:settings><con:endpoint>http://petstore.swagger.io</con:endpoint><con:request/><con:originalUri>http://petstore.swagger.io/v2/pet/101001</con:originalUri><con:assertion type="Valid HTTP Status Codes" id="2d3bcfb8-a79f-4671-9cd0-6a1c5b8a23a7" name="Valid HTTP Status Codes"><con:configuration><codes>200</codes></con:configuration></con:assertion><con:assertion type="JsonPath Match" id="07c63623-bcde-42d8-8955-6f39450b91d7" name="Verify the Pet name will be changed"><con:configuration><path>name</path><content>${TestData#newname}</content><allowWildcards>false</allowWildcards><ignoreNamspaceDifferences>false</ignoreNamspaceDifferences><ignoreComments>false</ignoreComments></con:configuration></con:assertion><con:credentials><con:authType>No Authorization</con:authType></con:credentials><con:jmsConfig JMSDeliveryMode="PERSISTENT"/><con:jmsPropertyConfig/><con:parameters><entry key="petId" value="${TestData#id}" xmlns="http://eviware.com/soapui/config"/></con:parameters></con:restRequest></con:config></con:testStep><con:testStep type="restrequest" name="ChangeName" id="4ee0d0e8-4918-47db-b438-d60749cdeffd"><con:settings/><con:config service="Swagger Petstore" resourcePath="/v2/pet/{petId}" methodName="updatePetWithForm" xsi:type="con:RestRequestStep" xmlns:xsi="http://www.w3.org/2001/XMLSchema-instance"><con:restRequest name="ChangeName" id="c62e146d-0381-4f6b-8a30-935787f16c7b" mediaType="application/x-www-form-urlencoded" postQueryString="false"><con:settings><con:setting id="com.eviware.soapui.impl.wsdl.WsdlRequest@request-headers">&lt;xml-fragment/></con:setting></con:settings><con:endpoint>http://petstore.swagger.io</con:endpoint><con:request/><con:originalUri>http://petstore.swagger.io/v2/pet/101001</con:originalUri><con:assertion type="Valid HTTP Status Codes" id="43c97fbf-fd7c-433e-9231-c903cfd3ab0f" name="Valid HTTP Status Codes"><con:configuration><codes>200</codes></con:configuration></con:assertion><con:credentials><con:authType>No Authorization</con:authType></con:credentials><con:jmsConfig JMSDeliveryMode="PERSISTENT"/><con:jmsPropertyConfig/><con:parameters>
  <con:entry key="petId" value="${TestData#id}"/>
  <con:entry key="name" value="${TestData#name}"/>
</con:parameters></con:restRequest></con:config></con:testStep><con:testStep type="restrequest" name="MakeShureNameChanged" id="4b8a8862-eb51-40fc-b9a7-492d0b3027ad"><con:settings/><con:config service="Swagger Petstore" resourcePath="/v2/pet/{petId}" methodName="getPetById" xsi:type="con:RestRequestStep" xmlns:xsi="http://www.w3.org/2001/XMLSchema-instance"><con:restRequest name="MakeShureNameChanged" id="1b077317-49ad-4498-8b1e-a40c313df6aa" mediaType="application/json"><con:settings><con:setting id="com.eviware.soapui.impl.wsdl.WsdlRequest@request-headers">&lt;xml-fragment/></con:setting></con:settings><con:endpoint>http://petstore.swagger.io</con:endpoint><con:request/><con:originalUri>http://petstore.swagger.io/v2/pet/101001</con:originalUri><con:assertion type="Valid HTTP Status Codes" id="dd5e5319-6f1a-4e41-90d4-054c51555a63" name="Valid HTTP Status Codes"><con:configuration><codes>200</codes></con:configuration></con:assertion><con:assertion type="JsonPath Match" id="13c53788-7b57-416c-95eb-96825ab97611" name="Verify Pet ID"><con:configuration><path>id</path><content>${TestData#id}</content><allowWildcards>false</allowWildcards><ignoreNamspaceDifferences>false</ignoreNamspaceDifferences><ignoreComments>false</ignoreComments></con:configuration></con:assertion><con:assertion type="JsonPath Match" id="36d33d7a-d0d3-4f7a-9514-5557f60cf6bf" name="Verify Category ID"><con:configuration><path>category.id</path><content>${TestData#category_id}</content><allowWildcards>false</allowWildcards><ignoreNamspaceDifferences>false</ignoreNamspaceDifferences><ignoreComments>false</ignoreComments></con:configuration></con:assertion><con:assertion type="JsonPath Match" id="b07365b6-ab58-42b8-b320-b5ffbbd0fbc9" name="Verify Category Name"><con:configuration><path>category.name</path><content>${TestData#category_name}</content><allowWildcards>false</allowWildcards><ignoreNamspaceDifferences>false</ignoreNamspaceDifferences><ignoreComments>false</ignoreComments></con:configuration></con:assertion><con:assertion type="JsonPath Match" id="a059e749-faa2-4879-865d-ffa45a073709" name="Verify Pet Name"><con:configuration><path>name</path><content>${TestData#name}</content><allowWildcards>false</allowWildcards><ignoreNamspaceDifferences>false</ignoreNamspaceDifferences><ignoreComments>false</ignoreComments></con:configuration></con:assertion><con:assertion type="JsonPath Match" id="c49011ba-feb9-472d-8672-44219d2dfd11" name="Verify Photo URLs"><con:configuration><path>photoUrls</path><content>["${TestData#photoUrls}"]</content><allowWildcards>false</allowWildcards><ignoreNamspaceDifferences>false</ignoreNamspaceDifferences><ignoreComments>false</ignoreComments></con:configuration></con:assertion><con:assertion type="JsonPath Match" id="69074588-0e36-4932-98ed-bee088d86148" name="Verify Tags ID"><con:configuration><path>tags[0].id</path><content>${TestData#tags_id}</content><allowWildcards>false</allowWildcards><ignoreNamspaceDifferences>false</ignoreNamspaceDifferences><ignoreComments>false</ignoreComments></con:configuration></con:assertion><con:assertion type="JsonPath Match" id="f0bc20ba-7deb-460a-959e-1492be5b7e79" name="Verify Tags Name"><con:configuration><path>tags[0].name</path><content>${TestData#tags_name}</content><allowWildcards>false</allowWildcards><ignoreNamspaceDifferences>false</ignoreNamspaceDifferences><ignoreComments>false</ignoreComments></con:configuration></con:assertion><con:assertion type="JsonPath Match" id="16e0cf50-7e0c-408b-9e8b-ed248916ba7d" name="Verify Status"><con:configuration><path>status</path><content>${TestData#status}</content><allowWildcards>false</allowWildcards><ignoreNamspaceDifferences>false</ignoreNamspaceDifferences><ignoreComments>false</ignoreComments></con:configuration></con:assertion><con:credentials><con:authType>No Authorization</con:authType></con:credentials><con:jmsConfig JMSDeliveryMode="PERSISTENT"/><con:jmsPropertyConfig/><con:parameters><entry key="petId" value="${TestData#id}" xmlns="http://eviware.com/soapui/config"/></con:parameters></con:restRequest></con:config></con:testStep><con:properties/></con:testCase><con:testCase id="b024f0f5-4392-4c05-88a8-9b609ef11247" failOnError="true" failTestCaseOnErrors="true" keepSession="false" maxResults="0" name="DeletePet" searchProperties="true"><con:settings/><con:testStep type="properties" name="TestData" id="adbc51b4-e28a-4a06-b496-aedc14dfce1f"><con:settings/><con:config xsi:type="con:PropertiesStep" saveFirst="true" xmlns:xsi="http://www.w3.org/2001/XMLSchema-instance"><con:properties><con:property><con:name>id</con:name><con:value>101001</con:value></con:property></con:properties></con:config></con:testStep><con:testStep type="restrequest" name="VerifyIdExist" id="c66fa22d-3806-4b87-ac1b-4c0ee19fba37"><con:settings/><con:config service="Swagger Petstore" resourcePath="/v2/pet/{petId}" methodName="getPetById" xsi:type="con:RestRequestStep" xmlns:xsi="http://www.w3.org/2001/XMLSchema-instance"><con:restRequest name="VerifyIdExist" id="1b077317-49ad-4498-8b1e-a40c313df6aa" mediaType="application/json"><con:settings><con:setting id="com.eviware.soapui.impl.wsdl.WsdlRequest@request-headers">&lt;xml-fragment/></con:setting></con:settings><con:endpoint>http://petstore.swagger.io</con:endpoint><con:request/><con:originalUri>http://petstore.swagger.io/v2/pet/101001</con:originalUri><con:assertion type="Valid HTTP Status Codes" id="2d3bcfb8-a79f-4671-9cd0-6a1c5b8a23a7" name="Valid HTTP Status Codes"><con:configuration><codes>200</codes></con:configuration></con:assertion><con:credentials><con:authType>No Authorization</con:authType></con:credentials><con:jmsConfig JMSDeliveryMode="PERSISTENT"/><con:jmsPropertyConfig/><con:parameters><entry key="petId" value="${TestData#id}" xmlns="http://eviware.com/soapui/config"/></con:parameters></con:restRequest></con:config></con:testStep><con:testStep type="restrequest" name="DeletePet" id="82fea415-8ded-49b7-8907-cb963b9acb8d"><con:settings/><con:config service="Swagger Petstore" resourcePath="/v2/pet/{petId}" methodName="deletePet" xsi:type="con:RestRequestStep" xmlns:xsi="http://www.w3.org/2001/XMLSchema-instance"><con:restRequest name="DeletePet" id="1f5dacdb-d15e-4fea-85f1-beb83780fadd" mediaType="application/json" postQueryString="false"><con:settings><con:setting id="com.eviware.soapui.impl.wsdl.WsdlRequest@request-headers">&lt;xml-fragment/></con:setting></con:settings><con:endpoint>http://petstore.swagger.io</con:endpoint><con:request/><con:originalUri>http://petstore.swagger.io/v2/pet/101001</con:originalUri><con:assertion type="Valid HTTP Status Codes" id="ad772749-faba-48d4-b30e-e583d5691ef9" name="Valid HTTP Status Codes"><con:configuration><codes>200</codes></con:configuration></con:assertion><con:credentials><con:authType>No Authorization</con:authType></con:credentials><con:jmsConfig JMSDeliveryMode="PERSISTENT"/><con:jmsPropertyConfig/><con:parameters><entry key="petId" value="${TestData#id}" xmlns="http://eviware.com/soapui/config"/></con:parameters></con:restRequest></con:config></con:testStep><con:testStep type="restrequest" name="MakeShurePetDeleted" id="bb32f82a-199c-46e6-879c-acee44e28318"><con:settings/><con:config service="Swagger Petstore" resourcePath="/v2/pet/{petId}" methodName="getPetById" xsi:type="con:RestRequestStep" xmlns:xsi="http://www.w3.org/2001/XMLSchema-instance"><con:restRequest name="MakeShurePetDeleted" id="1b077317-49ad-4498-8b1e-a40c313df6aa" mediaType="application/json"><con:settings><con:setting id="com.eviware.soapui.impl.wsdl.WsdlRequest@request-headers">&lt;xml-fragment/></con:setting></con:settings><con:endpoint>http://petstore.swagger.io</con:endpoint><con:request/><con:originalUri>http://petstore.swagger.io/v2/pet/101001</con:originalUri><con:assertion type="Valid HTTP Status Codes" id="dd5e5319-6f1a-4e41-90d4-054c51555a63" name="Valid HTTP Status Codes"><con:configuration><codes>404</codes></con:configuration></con:assertion><con:credentials><con:authType>No Authorization</con:authType></con:credentials><con:jmsConfig JMSDeliveryMode="PERSISTENT"/><con:jmsPropertyConfig/><con:parameters><entry key="petId" value="${TestData#id}" xmlns="http://eviware.com/soapui/config"/></con:parameters></con:restRequest></con:config></con:testStep><con:properties/></con:testCase><con:properties/></con:testSuite><con:testSuite id="69c766e4-61e0-4c7d-b4ae-654bd0b811da" name="Bonus"><con:settings/><con:runType>SEQUENTIAL</con:runType><con:testCase id="112656f9-f72c-4f2b-8ed8-5d819380a04b" failOnError="true" failTestCaseOnErrors="true" keepSession="false" maxResults="0" name="PlaceOrder" searchProperties="true"><con:settings/><con:testStep type="properties" name="TestData" id="64efee80-a179-4d44-aa3a-40748f86deeb"><con:settings/><con:config xsi:type="con:PropertiesStep" saveFirst="true" xmlns:xsi="http://www.w3.org/2001/XMLSchema-instance"><con:properties><con:property><con:name>id</con:name><con:value>101001</con:value></con:property><con:property><con:name>petId</con:name><con:value>101001</con:value></con:property><con:property><con:name>quantity</con:name><con:value>1</con:value></con:property><con:property><con:name>shipDate</con:name><con:value>2018-06-13T19:50:42.300+0000</con:value></con:property><con:property><con:name>status</con:name><con:value>placed</con:value></con:property><con:property><con:name>complete</con:name><con:value>false</con:value></con:property></con:properties></con:config></con:testStep><con:testStep type="restrequest" name="VerifyOrderNotExist" id="d4cf8de1-a1ae-45c9-bf17-72853b9ac1c5"><con:settings/><con:config service="Swagger Petstore" resourcePath="/v2/store/order/{orderId}" methodName="deleteOrder" xsi:type="con:RestRequestStep" xmlns:xsi="http://www.w3.org/2001/XMLSchema-instance"><con:restRequest name="VerifyOrderNotExist" id="7d9956f0-f396-48c0-94f2-64eb815561a6" mediaType="application/json" postQueryString="false"><con:settings><con:setting id="com.eviware.soapui.impl.wsdl.WsdlRequest@request-headers">&lt;xml-fragment/></con:setting></con:settings><con:endpoint>http://petstore.swagger.io</con:endpoint><con:request/><con:originalUri>http://petstore.swagger.io/v2/store/order/101001</con:originalUri><con:assertion type="Valid HTTP Status Codes" id="c75bd0a7-73e6-444d-9162-92ee779148e7" name="Valid HTTP Status Codes"><con:configuration><codes>200, 404</codes></con:configuration></con:assertion><con:credentials><con:authType>No Authorization</con:authType></con:credentials><con:jmsConfig JMSDeliveryMode="PERSISTENT"/><con:jmsPropertyConfig/><con:parameters><entry key="orderId" value="${TestData#id}" xmlns="http://eviware.com/soapui/config"/></con:parameters></con:restRequest></con:config></con:testStep><con:testStep type="restrequest" name="PlaceOrder" id="544f11bc-5a23-4388-a32c-76579bf638b6"><con:settings/><con:config service="Swagger Petstore" methodName="placeOrder" resourcePath="/v2/store/order" xsi:type="con:RestRequestStep" xmlns:xsi="http://www.w3.org/2001/XMLSchema-instance"><con:restRequest name="PlaceOrder" id="8a9ef521-6bec-45c8-931b-2a2080af68c4" mediaType="application/json" postQueryString="false"><con:settings><con:setting id="com.eviware.soapui.impl.wsdl.WsdlRequest@request-headers">&lt;xml-fragment/></con:setting></con:settings><con:encoding>UTF-8</con:encoding><con:endpoint>http://petstore.swagger.io</con:endpoint><con:request>{
  "id": ${TestData#id},
  "petId": ${TestData#petId},
  "quantity": ${TestData#quantity},
  "shipDate": "${TestData#shipDate}",
  "status": "${TestData#status}",
  "complete": ${TestData#complete}
}</con:request><con:originalUri>http://petstore.swagger.io/v2/store/order</con:originalUri><con:assertion type="Valid HTTP Status Codes" id="cbee6bae-4e54-4243-ad1c-c20f77261996" name="Valid HTTP Status Codes"><con:configuration><codes>200</codes></con:configuration></con:assertion><con:credentials><con:authType>No Authorization</con:authType></con:credentials><con:jmsConfig JMSDeliveryMode="PERSISTENT"/><con:jmsPropertyConfig/><con:parameters/></con:restRequest></con:config></con:testStep><con:testStep type="restrequest" name="MakeShureOrderPlaced" id="d9bf306e-0d91-4211-af30-530598bfd6c0"><con:settings/><con:config service="Swagger Petstore" resourcePath="/v2/store/order/{orderId}" methodName="getOrderById" xsi:type="con:RestRequestStep" xmlns:xsi="http://www.w3.org/2001/XMLSchema-instance"><con:restRequest name="MakeShureOrderPlaced" id="20e56989-536c-497a-9f11-adcd3da40786" mediaType="application/json"><con:settings><con:setting id="com.eviware.soapui.impl.wsdl.WsdlRequest@request-headers">&lt;xml-fragment/></con:setting></con:settings><con:endpoint>http://petstore.swagger.io</con:endpoint><con:request/><con:originalUri>http://petstore.swagger.io/v2/store/order/101001</con:originalUri><con:assertion type="Valid HTTP Status Codes" id="74b52d80-106d-472e-965a-085b848cca47" name="Valid HTTP Status Codes"><con:configuration><codes>200</codes></con:configuration></con:assertion><con:assertion type="JsonPath Match" id="cf2a2393-4886-47f0-a481-44a26a36fb7e" name="Verifying Order ID"><con:configuration><path>id</path><content>${TestData#id}</content><allowWildcards>false</allowWildcards><ignoreNamspaceDifferences>false</ignoreNamspaceDifferences><ignoreComments>false</ignoreComments></con:configuration></con:assertion><con:assertion type="JsonPath Match" id="d3b30e88-9834-4066-9645-7041d0db14fb" name="Verifying Pet ID"><con:configuration><path>petId</path><content>${TestData#petId}</content><allowWildcards>false</allowWildcards><ignoreNamspaceDifferences>false</ignoreNamspaceDifferences><ignoreComments>false</ignoreComments></con:configuration></con:assertion><con:assertion type="JsonPath Match" id="57440303-f60e-443a-bf23-49d8a36d8405" name="Verifying Order Quantity"><con:configuration><path>quantity</path><content>${TestData#quantity}</content><allowWildcards>false</allowWildcards><ignoreNamspaceDifferences>false</ignoreNamspaceDifferences><ignoreComments>false</ignoreComments></con:configuration></con:assertion><con:assertion type="JsonPath Match" id="b631bfd4-aa6e-4f92-aaf1-5ac04591bc1f" name="Verifying Shipping Date"><con:configuration><path>shipDate</path><content>${TestData#shipDate}</content><allowWildcards>false</allowWildcards><ignoreNamspaceDifferences>false</ignoreNamspaceDifferences><ignoreComments>false</ignoreComments></con:configuration></con:assertion><con:assertion type="JsonPath Match" id="d4dbe8d1-61cd-414d-887b-11e597b49651" name="Verifying Order Status"><con:configuration><path>status</path><content>${TestData#status}</content><allowWildcards>false</allowWildcards><ignoreNamspaceDifferences>false</ignoreNamspaceDifferences><ignoreComments>false</ignoreComments></con:configuration></con:assertion><con:assertion type="JsonPath Match" id="d83d0c5c-3a65-45c5-add5-c8102b4b2242" name="Verifying Order Completition"><con:configuration><path>complete</path><content>${TestData#complete}</content><allowWildcards>false</allowWildcards><ignoreNamspaceDifferences>false</ignoreNamspaceDifferences><ignoreComments>false</ignoreComments></con:configuration></con:assertion><con:credentials><con:authType>No Authorization</con:authType></con:credentials><con:jmsConfig JMSDeliveryMode="PERSISTENT"/><con:jmsPropertyConfig/><con:parameters><entry key="orderId" value="${TestData#id}" xmlns="http://eviware.com/soapui/config"/></con:parameters></con:restRequest></con:config></con:testStep><con:properties/></con:testCase><con:properties/></con:testSuite><con:properties/><con:wssContainer/><con:oAuth2ProfileContainer/><con:oAuth1ProfileContainer/><con:sensitiveInformation/></con:soapui-project>